protocol,seed,AUPRC,F1
all_train_hard,123,0.9853566802096214,0.9295774647887324
all_train_hard,256,0.9932683256212669,0.9428571428571428
all_train_hard,42,0.9613175209960435,0.927536231884058
all_train_none,123,0.996031746031746,0.9714285714285714
all_train_none,256,0.9936728395061729,0.9411764705882353
all_train_none,42,0.9914578111946534,0.9253731343283582
all_train_random,123,0.9858600034413043,0.9444444444444444
all_train_random,256,0.9887933940006741,0.9253731343283582
all_train_random,42,0.9742172315701727,0.9295774647887324
all_train_semantic,123,0.9947064312374391,0.9411764705882353
all_train_semantic,256,0.996031746031746,0.9859154929577465
all_train_semantic,42,0.991065129755606,0.9411764705882353
all_train_semi_hard,123,0.9935003203654567,0.9444444444444444
all_train_semi_hard,256,0.9937365937365938,0.958904109589041
all_train_semi_hard,42,0.9847788150484229,0.9444444444444444
all_train_supervised,123,0.993095786979736,0.9253731343283582
all_train_supervised,256,0.9931897477187333,0.9565217391304348
all_train_supervised,42,0.9873068915675433,0.927536231884058
normal_only_hard,123,0.9829091569287648,0.927536231884058
normal_only_hard,256,0.9898666284695696,0.9577464788732394
normal_only_hard,42,0.9639490446229314,0.9428571428571428
normal_only_none,123,0.9947064312374391,0.9565217391304348
normal_only_none,256,0.9952601410934745,0.9714285714285714
normal_only_none,42,0.9854283098102365,0.9411764705882353
normal_only_random,123,0.9682174185354419,0.927536231884058
normal_only_random,256,0.9713619993060257,0.9428571428571428
normal_only_random,42,0.9899340628507296,0.9428571428571428
normal_only_semantic,123,0.9922540361379851,0.9117647058823529
normal_only_semantic,256,0.9966124661246613,0.9859154929577465
normal_only_semantic,42,0.996031746031746,0.9859154929577465
normal_only_semi_hard,123,0.9872022069893902,0.9142857142857143
normal_only_semi_hard,256,0.9884320591996345,0.9253731343283582
normal_only_semi_hard,42,0.9904905478434891,0.9253731343283582
normal_only_supervised,123,0.993095786979736,0.9428571428571428
normal_only_supervised,256,0.9966124661246614,0.9859154929577465
normal_only_supervised,42,0.9939613526570049,0.9411764705882353
