dataset,method,seeds,AUPRC,AUROC,Precision,Recall,F1,MCC,Balanced accuracy
bgl,TCN,5,1.0000 ± 0.0000,1.0000 ± 0.0000,0.9979 ± 0.0015,0.9989 ± 0.0009,0.9984 ± 0.0009,0.9981 ± 0.0010,0.9992 ± 0.0005
bgl,Transformer,5,1.0000 ± 0.0000,1.0000 ± 0.0000,0.9975 ± 0.0015,0.9994 ± 0.0004,0.9985 ± 0.0008,0.9981 ± 0.0010,0.9994 ± 0.0003
bgl,GNN-flat,5,1.0000 ± 0.0000,1.0000 ± 0.0000,0.9980 ± 0.0008,0.9991 ± 0.0004,0.9986 ± 0.0003,0.9983 ± 0.0004,0.9993 ± 0.0002
bgl,GRU-flat (L0),5,1.0000 ± 0.0000,1.0000 ± 0.0000,0.9980 ± 0.0005,0.9983 ± 0.0007,0.9981 ± 0.0006,0.9978 ± 0.0007,0.9989 ± 0.0004
bgl,SDHTG (L7),5,1.0000 ± 0.0000,1.0000 ± 0.0000,0.9979 ± 0.0010,0.9996 ± 0.0003,0.9987 ± 0.0004,0.9985 ± 0.0005,0.9996 ± 0.0001
hdfs,TCN,5,0.9988 ± 0.0009,1.0000 ± 0.0000,0.9113 ± 0.0231,0.9989 ± 0.0011,0.9530 ± 0.0124,0.9533 ± 0.0121,0.9987 ± 0.0005
hdfs,Transformer,5,0.9996 ± 0.0002,1.0000 ± 0.0000,0.9069 ± 0.0608,0.9874 ± 0.0243,0.9439 ± 0.0228,0.9447 ± 0.0220,0.9929 ± 0.0117
hdfs,GNN-flat,5,0.9867 ± 0.0176,0.9998 ± 0.0003,0.8295 ± 0.0642,0.9996 ± 0.0008,0.9056 ± 0.0375,0.9087 ± 0.0352,0.9983 ± 0.0005
hdfs,GRU-flat (L0),5,0.9984 ± 0.0016,1.0000 ± 0.0000,0.8867 ± 0.0430,0.9990 ± 0.0014,0.9391 ± 0.0234,0.9401 ± 0.0225,0.9986 ± 0.0005
hdfs,SDHTG (L7),5,0.9974 ± 0.0019,0.9997 ± 0.0006,0.9955 ± 0.0046,0.9910 ± 0.0040,0.9932 ± 0.0023,0.9931 ± 0.0023,0.9954 ± 0.0020
openstack,TCN,5,0.9998 ± 0.0000,0.9997 ± 0.0000,0.9991 ± 0.0020,0.9930 ± 0.0024,0.9960 ± 0.0010,0.9913 ± 0.0022,0.9960 ± 0.0010
openstack,Transformer,5,0.9999 ± 0.0001,0.9999 ± 0.0001,0.9956 ± 0.0044,0.9974 ± 0.0024,0.9965 ± 0.0025,0.9923 ± 0.0055,0.9960 ± 0.0029
openstack,GNN-flat,5,0.9999 ± 0.0001,0.9999 ± 0.0001,0.9905 ± 0.0064,0.9982 ± 0.0039,0.9943 ± 0.0019,0.9875 ± 0.0043,0.9933 ± 0.0025
openstack,GRU-flat (L0),5,1.0000 ± 0.0000,1.0000 ± 0.0000,0.9983 ± 0.0039,1.0000 ± 0.0000,0.9991 ± 0.0020,0.9981 ± 0.0043,0.9989 ± 0.0024
openstack,SDHTG (L7),5,1.0000 ± 0.0001,1.0000 ± 0.0001,0.9991 ± 0.0020,0.9991 ± 0.0020,0.9991 ± 0.0012,0.9981 ± 0.0026,0.9990 ± 0.0013
ssh,TCN,5,0.9729 ± 0.0272,0.9971 ± 0.0019,0.8781 ± 0.0251,0.9944 ± 0.0124,0.9324 ± 0.0130,0.9234 ± 0.0143,0.9861 ± 0.0055
ssh,Transformer,5,0.7484 ± 0.0905,0.9283 ± 0.0291,0.7966 ± 0.0715,0.7000 ± 0.2689,0.7132 ± 0.2068,0.6960 ± 0.1788,0.8348 ± 0.1280
ssh,GNN-flat,5,0.4171 ± 0.0609,0.8356 ± 0.0229,0.5052 ± 0.0445,0.6444 ± 0.0795,0.5651 ± 0.0500,0.4913 ± 0.0598,0.7713 ± 0.0382
ssh,GRU-flat (L0),5,0.9854 ± 0.0122,0.9920 ± 0.0111,0.9766 ± 0.0131,0.9278 ± 0.0248,0.9515 ± 0.0168,0.9444 ± 0.0190,0.9621 ± 0.0128
ssh,SDHTG (L7),5,0.9922 ± 0.0031,0.9985 ± 0.0006,0.9943 ± 0.0128,0.9222 ± 0.0362,0.9565 ± 0.0183,0.9510 ± 0.0201,0.9607 ± 0.0178
thunderbird,TCN,5,0.9996 ± 0.0001,1.0000 ± 0.0000,0.9997 ± 0.0004,0.9943 ± 0.0017,0.9970 ± 0.0007,0.9970 ± 0.0007,0.9971 ± 0.0008
thunderbird,Transformer,5,0.9994 ± 0.0006,0.9999 ± 0.0003,0.9988 ± 0.0026,0.9960 ± 0.0022,0.9974 ± 0.0023,0.9974 ± 0.0023,0.9980 ± 0.0011
thunderbird,GNN-flat,5,0.9998 ± 0.0001,1.0000 ± 0.0000,1.0000 ± 0.0000,0.9978 ± 0.0006,0.9989 ± 0.0003,0.9989 ± 0.0003,0.9989 ± 0.0003
thunderbird,GRU-flat (L0),5,0.9983 ± 0.0001,0.9996 ± 0.0004,0.9996 ± 0.0006,0.9922 ± 0.0009,0.9959 ± 0.0005,0.9959 ± 0.0005,0.9961 ± 0.0005
thunderbird,SDHTG (L7),5,0.9989 ± 0.0008,0.9996 ± 0.0005,0.9997 ± 0.0004,0.9921 ± 0.0012,0.9959 ± 0.0006,0.9959 ± 0.0006,0.9960 ± 0.0006
