configuration,seed,AUPRC,F1
bce,123,0.9584405179542931,0.8985507246376812
bce,256,0.9890707422570169,0.9722222222222222
bce,42,0.9685723138736856,0.927536231884058
focal,123,0.9960317460317462,0.9859154929577465
focal,256,0.9966124661246614,0.9859154929577465
focal,42,0.969584857019099,0.9117647058823529
multi_prototype,123,0.993095786979736,0.9253731343283582
multi_prototype,256,0.9966124661246613,0.9859154929577465
multi_prototype,42,0.9920621952484698,0.9411764705882353
multi_prototype_div,123,0.991220444406719,0.9722222222222222
multi_prototype_div,256,0.9960317460317462,0.9859154929577465
multi_prototype_div,42,0.9923960969250825,0.9411764705882353
no_prototype,123,0.9822001145530558,0.927536231884058
no_prototype,256,0.9929196002725416,0.9411764705882353
no_prototype,42,0.9895534188540345,0.9428571428571428
single_prototype,123,0.9907373526192793,0.9253731343283582
single_prototype,256,0.9966124661246613,0.9859154929577465
single_prototype,42,0.9919335622349807,0.9411764705882353
weighted_bce,123,0.9674825258158594,0.9117647058823529
weighted_bce,256,0.993095786979736,0.9722222222222222
weighted_bce,42,0.9928077459940206,0.9722222222222222
