symbol,meaning,value in final model,sensitivity-scan values,verified against
K,number of normal prototypes,8,"1, 2, 4, 16",configs/model/sdhtg.yaml: num_normal_prototypes
tau_p,prototype soft-assignment temperature,0.10,"0.05, 0.20, 0.50",configs/model/sdhtg.yaml: prototype_temperature; sens_prototype_temperature_*
lambda_p,prototype-distance scale,learned (softplus),"fixed at 0, 0.25, 0.5, 1.0, 2.0",prototype_scale_override defaults to null; sens_prototype_scale_*
m,prototype margin,0.5,not scanned (code default family),configs/experiment/*.yaml: loss.prototype_margin
rho_p,prototype similarity threshold,0.20 (code default),not scanned,src/sdhtg/models/config.py default
tau_b,boundary temperature (annealed 1.0 -> value),0.10,"final value 0.05, 0.25, 0.50, 1.00",configs/model/sdhtg.yaml: boundary.final_temperature
"(r_A, r_E)",target action / entity boundary rates,0.05 / 0.01,"0.01/0.005, 0.01/0.001, 0.10/0.02, 0.10/0.05",configs/experiment/*.yaml: loss.*_boundary_rate
R_l,local temporal radius (status/action/entity),8 / 4 / 2,"halved (4/2/1), doubled (16/8/4)",configs/model/sdhtg.yaml: local_temporal_radius
K_l,same-semantic neighbours (status/action/entity),4 / 4 / 2,"halved (2/2/1), doubled (8/8/4)",configs/model/sdhtg.yaml: semantic_neighbors
eps_m,membership-edge threshold,1e-6,"1e-8, 1e-4, 1e-2",configs/model/sdhtg.yaml: hierarchy.membership_epsilon
gamma,focal modulation exponent,2.0,not scanned,configs/experiment/*.yaml: loss.focal_gamma
beta,effective-number weighting exponent,0.9999,not scanned,configs/experiment/*.yaml: loss.effective_number_beta
w_proto / w_div / w_bal,"prototype, diversity, balance loss weights",0.05 / 0.1 / 0.1,diversity+balance removed in the final model,configs/experiment/*.yaml: loss.prototype_*_weight
--,"masked-template pretraining (LogBERT route, supplementary baseline)","15% mask, 10 epochs",not scanned,scripts/train_mlm_baseline.py
