setting,seed,validation_AUPRC,test_AUPRC,test_F1
boundary_rate_ra001_re0001,123,0.9879822297175372,0.9915791034610302,0.9722222222222222
boundary_rate_ra001_re0001,256,0.9802240338059914,0.9966124661246613,0.9859154929577465
boundary_rate_ra001_re0001,42,0.9890422812308265,0.9922222222222222,0.9411764705882353
boundary_rate_ra001_re0005,123,0.9841075066359292,0.9954780361757106,0.9411764705882353
boundary_rate_ra001_re0005,256,0.9802240338059915,0.9966124661246613,0.9859154929577465
boundary_rate_ra001_re0005,42,0.9804879357440005,0.996031746031746,0.9859154929577465
boundary_rate_ra010_re0020,123,0.9871922332292904,0.993095786979736,0.9411764705882353
boundary_rate_ra010_re0020,256,0.9802240338059914,0.9966124661246613,0.9859154929577465
boundary_rate_ra010_re0020,42,0.9877222760132499,0.9925672457535203,0.927536231884058
boundary_rate_ra010_re0050,123,0.9871922332292905,0.9922540361379852,0.927536231884058
boundary_rate_ra010_re0050,256,0.9802240338059912,0.9966124661246614,0.9859154929577465
boundary_rate_ra010_re0050,42,0.9886029026020464,0.9914506172839507,0.9411764705882353
boundary_temperature_tau005,123,0.9899702301430374,0.9915791034610302,0.927536231884058
boundary_temperature_tau005,256,0.9802240338059914,0.9966124661246614,0.9859154929577465
boundary_temperature_tau005,42,0.9873464091041771,0.993095786979736,0.9428571428571428
boundary_temperature_tau025,123,0.9870645158737267,0.9920621952484698,0.9722222222222222
boundary_temperature_tau025,256,0.9802240338059915,0.9966124661246614,0.9859154929577465
boundary_temperature_tau025,42,0.9900040986860339,0.9902748179291776,0.927536231884058
boundary_temperature_tau050,123,0.9895223298290657,0.9941778900112234,0.9411764705882353
boundary_temperature_tau050,256,0.9802240338059915,0.9966124661246613,0.9859154929577465
boundary_temperature_tau050,42,0.9897668161343202,0.9914529914529915,0.9411764705882353
boundary_temperature_tau100,123,0.98733032632364,0.9925672457535203,0.9411764705882353
boundary_temperature_tau100,256,0.9804631919692566,0.996031746031746,0.9722222222222222
boundary_temperature_tau100,42,0.9879940792377807,0.9915791034610302,0.927536231884058
membership_epsilon_eps1e-4,123,0.9881295340252331,0.9925672457535203,0.927536231884058
membership_epsilon_eps1e-4,256,0.9802240338059915,0.996031746031746,0.9859154929577465
membership_epsilon_eps1e-4,42,0.9885855654829332,0.9906569664902999,0.9411764705882353
membership_epsilon_eps1e-8,123,0.9877043130612233,0.993095786979736,0.9411764705882353
membership_epsilon_eps1e-8,256,0.9802240338059912,0.9966124661246613,0.9859154929577465
membership_epsilon_eps1e-8,42,0.9807100649119823,0.9944664902998237,0.9722222222222222
prototype_scale_lambda000,123,0.9818796095010067,0.9692556096213714,0.927536231884058
prototype_scale_lambda000,256,0.9804631919692566,0.9958408611863897,0.9722222222222222
prototype_scale_lambda000,42,0.9808248629677202,0.9923890923890925,0.9565217391304348
prototype_scale_lambda025,123,0.9897471548622268,0.9869813822170427,0.927536231884058
prototype_scale_lambda025,256,0.980463191969257,0.9958408611863897,0.9722222222222222
prototype_scale_lambda025,42,0.9810426905956304,0.9915295996447361,0.9428571428571428
prototype_scale_lambda050,123,0.9871550610387747,0.993095786979736,0.9428571428571428
prototype_scale_lambda050,256,0.9804631919692566,0.996031746031746,0.9722222222222222
prototype_scale_lambda050,42,0.9888349453298555,0.9919335622349807,0.9565217391304348
prototype_scale_lambda100,123,0.9923134570326356,0.9920621952484698,0.9428571428571428
prototype_scale_lambda100,256,0.9802240338059915,0.996031746031746,0.9859154929577465
prototype_scale_lambda100,42,0.9813099376885746,0.9947064312374391,0.9577464788732394
prototype_scale_lambda200,123,0.9802240338059914,0.9960317460317462,0.9859154929577465
prototype_scale_lambda200,256,0.9802026991072373,0.996031746031746,0.9722222222222222
prototype_scale_lambda200,42,0.9802240338059914,0.9960317460317462,0.9859154929577465
prototype_temperature_tau005,123,0.9921056739652684,0.9907373526192794,0.927536231884058
prototype_temperature_tau005,256,0.9802240338059914,0.9966124661246614,0.9859154929577465
prototype_temperature_tau005,42,0.981122191087629,0.996031746031746,0.9714285714285714
prototype_temperature_tau020,123,0.9902735035379858,0.993095786979736,0.927536231884058
prototype_temperature_tau020,256,0.9802240338059914,0.9966124661246613,0.9859154929577465
prototype_temperature_tau020,42,0.9888464896201871,0.9944444444444445,0.9411764705882353
prototype_temperature_tau050,123,0.988568263776446,0.9950472103927389,0.9565217391304348
prototype_temperature_tau050,256,0.9802240338059912,0.9960317460317462,0.9859154929577465
prototype_temperature_tau050,42,0.9875787968457542,0.9919335622349807,0.9411764705882353
prototypes_k1,123,0.9883675452927261,0.988396011446627,0.9117647058823529
prototypes_k1,256,0.9802240338059913,0.9966124661246614,0.9859154929577465
prototypes_k1,42,0.987074902981187,0.9928791887125221,0.9253731343283582
prototypes_k16,123,0.9872033230235909,0.9930957869797359,0.9411764705882353
prototypes_k16,256,0.9802240338059915,0.9966124661246613,0.9859154929577465
prototypes_k16,42,0.9893576230353018,0.9922222222222222,0.9411764705882353
prototypes_k2,123,0.9883476668825434,0.9917254949117694,0.9117647058823529
prototypes_k2,256,0.9802240338059914,0.9966124661246613,0.9859154929577465
prototypes_k2,42,0.9879162924398693,0.991220444406719,0.9117647058823529
prototypes_k4,123,0.9877571654299729,0.991220444406719,0.9117647058823529
prototypes_k4,256,0.9802240338059915,0.9966124661246613,0.9859154929577465
prototypes_k4,42,0.9888349453298555,0.991065129755606,0.9565217391304348
semantic_neighbors_double,123,0.9862023988391233,0.9925672457535203,0.927536231884058
semantic_neighbors_double,256,0.9802240338059915,0.9966124661246613,0.9859154929577465
semantic_neighbors_double,42,0.9807100649119821,0.996031746031746,0.9859154929577465
semantic_neighbors_half,123,0.9884145403339507,0.9922540361379851,0.9117647058823529
semantic_neighbors_half,256,0.9802240338059914,0.9966124661246613,0.9859154929577465
semantic_neighbors_half,42,0.9804631919692568,0.9928077459940206,0.9722222222222222
temporal_radius_double,123,0.9867260132193271,0.9920621952484698,0.9411764705882353
temporal_radius_double,256,0.9802240338059914,0.9966124661246613,0.9859154929577465
temporal_radius_double,42,0.9877800040892148,0.9936728395061729,0.9253731343283582
temporal_radius_half,123,0.9874757201180218,0.9922540361379851,0.9117647058823529
temporal_radius_half,256,0.9811811559225149,0.9958408611863897,0.9722222222222222
temporal_radius_half,42,0.988419662937829,0.992283950617284,0.9411764705882353
