variant,seed,AUPRC,F1
entity_unk,1024,0.9915720989250401,0.9577464788732394
entity_unk,123,0.9917254949117694,0.927536231884058
entity_unk,256,0.9966124661246613,0.9859154929577465
entity_unk,42,0.9861515935045347,0.9253731343283582
entity_unk,512,0.9872067901234568,0.9428571428571428
mask_status_words,1024,0.9943732193732193,0.9577464788732394
mask_status_words,123,0.9920621952484698,0.927536231884058
mask_status_words,256,0.9966124661246613,0.9859154929577465
mask_status_words,42,0.9966124661246613,0.9714285714285714
mask_status_words,512,0.9887199699699699,0.9565217391304348
no_action_prior,1024,0.9933884660869358,0.9577464788732394
no_action_prior,123,0.9933842392175726,0.9411764705882353
no_action_prior,256,0.9966124661246614,0.9859154929577465
no_action_prior,42,0.9927272130286315,0.9411764705882353
no_action_prior,512,0.9884080270109682,0.9428571428571428
no_action_source,1024,0.9901071287100699,0.9428571428571428
no_action_source,123,0.9922540361379851,0.9117647058823529
no_action_source,256,0.9966124661246613,0.9859154929577465
no_action_source,42,0.9918300653594772,0.9411764705882353
no_action_source,512,0.9875651538265956,0.9428571428571428
no_entity_embed,1024,0.9906878488029852,0.9428571428571428
no_entity_embed,123,0.9915791034610302,0.9411764705882353
no_entity_embed,256,0.9958408611863897,0.9722222222222222
no_entity_embed,42,0.9966124661246614,0.9714285714285714
no_entity_embed,512,0.9901993204689283,0.9428571428571428
no_entity_prior,1024,0.9943732193732194,0.9577464788732394
no_entity_prior,123,0.9944444444444445,0.958904109589041
no_entity_prior,256,0.9958408611863897,0.9722222222222222
no_entity_prior,42,0.9923960969250825,0.9411764705882353
no_entity_prior,512,0.9869059110130539,0.9565217391304348
no_status_source,1024,0.9906878488029851,0.9577464788732394
no_status_source,123,0.9930957869797359,0.9428571428571428
no_status_source,256,0.9966124661246613,0.9859154929577465
no_status_source,42,0.9928077459940206,0.9117647058823529
no_status_source,512,0.98871996996997,0.9428571428571428
shuffle_entity,1024,0.993140243902439,0.9577464788732394
shuffle_entity,123,0.9941778900112234,0.9722222222222222
shuffle_entity,256,0.9966124661246613,0.9859154929577465
shuffle_entity,42,0.991065129755606,0.9411764705882353
shuffle_entity,512,0.9844953350992199,0.9428571428571428
template_time_only,1024,0.9935795685795685,0.9577464788732394
template_time_only,123,0.985128905128226,0.9117647058823529
template_time_only,256,0.9966124661246614,0.9859154929577465
template_time_only,42,0.996031746031746,0.9859154929577465
template_time_only,512,0.989429012345679,0.9428571428571428
