rewrite_rate,condition,seed,AUPRC_noisy,AUPRC_clean,F1_noisy,F1_clean
0.2,merge_all,123,0.9925672457535203,0.9915791034610302,0.9411764705882353,0.9722222222222222
0.2,merge_all,42,0.9927272130286315,0.9927272130286315,0.9411764705882353,0.9565217391304348
0.2,merge_test_only,123,0.9939127804437883,0.9920621952484698,0.9411764705882353,0.9722222222222222
0.2,merge_test_only,42,0.9919335622349807,0.9915791034610302,0.9428571428571428,0.9722222222222222
0.2,replace_all,123,0.993095786979736,0.9925672457535203,0.927536231884058,0.9577464788732394
0.2,replace_all,42,0.9960317460317462,0.9954780361757106,0.9859154929577465,0.9722222222222222
0.2,replace_test_only,123,0.9925672457535203,0.9915791034610302,0.9411764705882353,0.9577464788732394
0.2,replace_test_only,42,0.9939613526570049,0.9887686806454314,0.9253731343283582,0.9090909090909091
0.2,split_all,123,0.9966124661246614,0.9966124661246613,0.9859154929577465,0.9722222222222222
0.2,split_all,42,0.9958408611863897,0.9966124661246614,0.9714285714285714,0.819672131147541
0.2,split_test_only,123,0.9958408611863897,0.9958408611863897,0.9411764705882353,0.9722222222222222
0.2,split_test_only,42,0.9958408611863897,0.9964506172839507,0.9714285714285714,0.9714285714285714
0.2,unk_all,123,0.9930957869797359,0.9925672457535203,0.927536231884058,0.9577464788732394
0.2,unk_all,42,0.9960317460317462,0.9960317460317462,0.9859154929577465,0.9722222222222222
0.2,unk_test_only,123,0.9915791034610302,0.9911165687709285,0.9722222222222222,0.8860759493670886
0.2,unk_test_only,42,0.9922540361379851,0.9928077459940204,0.9428571428571428,0.9722222222222222
0.4,merge_all,123,0.9922540361379851,0.991220444406719,0.9117647058823529,0.9722222222222222
0.4,merge_all,42,0.996031746031746,0.9050460724953767,0.9859154929577465,0.0
0.4,merge_test_only,123,0.9925672457535203,0.9915791034610302,0.9411764705882353,0.9722222222222222
0.4,merge_test_only,42,0.991220444406719,0.9894063854498029,0.927536231884058,0.927536231884058
0.4,replace_all,123,0.9960317460317462,0.996031746031746,0.9565217391304348,0.9859154929577465
0.4,replace_all,42,0.9928077459940206,0.9928077459940206,0.927536231884058,0.927536231884058
0.4,replace_test_only,123,0.9930957869797359,0.9925672457535203,0.927536231884058,0.9722222222222222
0.4,replace_test_only,42,0.9966124661246613,0.9966124661246613,0.9859154929577465,0.958904109589041
0.4,split_all,123,0.994317313829509,0.994317313829509,0.9428571428571428,0.9577464788732394
0.4,split_all,42,0.994419483668521,0.9937634632756585,0.9714285714285714,0.9714285714285714
0.4,split_test_only,123,0.9942302169286866,0.9942302169286866,0.927536231884058,0.9722222222222222
0.4,split_test_only,42,0.994419483668521,0.9964506172839507,0.9577464788732394,0.9411764705882353
0.4,unk_all,123,0.9922540361379851,0.991220444406719,0.9428571428571428,0.9722222222222222
0.4,unk_all,42,0.9928077459940206,0.991220444406719,0.9428571428571428,0.9577464788732394
0.4,unk_test_only,123,0.9941778900112234,0.9920621952484698,0.9722222222222222,0.8780487804878049
0.4,unk_test_only,42,0.992283950617284,0.9902648096275548,0.9565217391304348,0.9577464788732394
