dataset,seed,group,samples,positives,AUPRC,F1,Precision,Recall
bgl,123,seen,20000,3697,0.9999964941021721,0.9985125084516565,0.9983775013520823,0.9986475520692454
bgl,123,holdout,11530,1580,0.9999651503601126,0.9958925750394945,0.9943217665615142,0.9974683544303797
bgl,123,all,31688,5280,0.9999891674215284,0.9977285633162976,0.9971623155505108,0.9982954545454545
bgl,42,seen,20000,3697,0.999995165101066,0.998918626655853,0.9983788165360713,0.9994590208276981
bgl,42,holdout,11530,1580,0.9999608441525724,0.9949494949494949,0.9924433249370277,0.9974683544303797
bgl,42,all,31688,5280,0.9999892420079801,0.9977298524404086,0.9965986394557823,0.9988636363636364
openstack,123,seen,248,59,0.9983588915792303,0.38436482084690554,0.23790322580645162,1.0
openstack,123,holdout,169,169,,1.0,1.0,1.0
openstack,123,all,417,228,0.9998860745448926,0.7069767441860465,0.5467625899280576,1.0
openstack,42,seen,248,59,0.9999999999999998,1.0,1.0,1.0
openstack,42,holdout,169,169,,1.0,1.0,1.0
openstack,42,all,417,228,1.0,1.0,1.0,1.0
