dataset,method,seed,AUPRC,F1
ssh,Transformer (no pretraining),1024,0.8022145297650592,0.8
ssh,Transformer (no pretraining),123,0.8172637993336023,0.8169014084507042
ssh,Transformer (no pretraining),256,0.6144171379107685,0.7560975609756098
ssh,Transformer (no pretraining),42,0.6946910690925914,0.34782608695652173
ssh,Transformer (no pretraining),512,0.8136078748812253,0.8450704225352113
ssh,Transformer + masked-template pretraining,1024,0.8707437304817631,0.7777777777777778
ssh,Transformer + masked-template pretraining,123,0.906892592558761,0.8055555555555556
ssh,Transformer + masked-template pretraining,256,0.8687307518016837,0.735632183908046
ssh,Transformer + masked-template pretraining,42,0.9059900131169649,0.7441860465116279
ssh,Transformer + masked-template pretraining,512,0.9243324436728306,0.7540983606557377
ssh,SDHTG,1024,0.9907303480832893,0.9577464788732394
ssh,SDHTG,123,0.9941778900112234,0.9411764705882353
ssh,SDHTG,256,0.996031746031746,0.9859154929577465
ssh,SDHTG,42,0.9922222222222222,0.9411764705882353
ssh,SDHTG,512,0.9880401234567902,0.9565217391304348
openstack,Transformer (no pretraining),1024,0.999923555804263,0.9956331877729258
openstack,Transformer (no pretraining),123,0.9998501175484438,0.9956140350877193
openstack,Transformer (no pretraining),256,0.9999058805812815,0.9978021978021978
openstack,Transformer (no pretraining),42,1.0000000000000002,1.0
openstack,Transformer (no pretraining),512,0.9998130178528998,0.9934354485776805
openstack,Transformer + masked-template pretraining,1024,0.999923555804263,0.9956331877729258
openstack,Transformer + masked-template pretraining,123,0.9970546742198616,0.9955947136563876
openstack,Transformer + masked-template pretraining,256,0.9999616106265817,0.9978118161925602
openstack,Transformer + masked-template pretraining,42,1.0,1.0
openstack,Transformer + masked-template pretraining,512,1.0,1.0
openstack,SDHTG,1024,1.0,1.0
openstack,SDHTG,123,1.0,1.0
openstack,SDHTG,256,0.9998875393612237,0.9978021978021978
openstack,SDHTG,42,1.0,0.9978118161925602
openstack,SDHTG,512,1.0,1.0
bgl,Transformer (no pretraining),1024,0.9999911329887646,0.9983771821981805
bgl,Transformer (no pretraining),123,0.9999393344480059,0.9971484759095378
bgl,Transformer (no pretraining),256,0.9999877397977336,0.9990151664368722
bgl,Transformer (no pretraining),42,0.9999940435807313,0.9988677201791956
bgl,Transformer (no pretraining),512,0.9999941277248623,0.9989660774949535
bgl,Transformer + masked-template pretraining,42,0.9999038416151849,0.9984737334449313
bgl,SDHTG,1024,0.9999908858943115,0.9989662810730987
bgl,SDHTG,123,0.9999610885288726,0.9980826901332285
bgl,SDHTG,256,0.9999363260987435,0.9990644541828746
bgl,SDHTG,42,0.9999898617329781,0.998769261064343
bgl,SDHTG,512,0.9999915851047306,0.9988186650915535
